FOTOWEBCAM,Malcesine,"Fotowebcam,Malcesine Val di Sogno / Stickl Sportcamp - Blick nach Campione,http://www.foto-webcam.eu/webcam/malcesine/current/400.jpg,Intervall:600,Direction:290",45.744855,10.800445,,
FOTOWEBCAM,Wernberg - Duel,"Fotowebcam,Wernberg / Duel - Blick nach Sueden zum Mittagskogel,http://www.foto-webcam.eu/webcam/duel/current/400.jpg,Intervall:600,Direction:190",46.60787,13.947765,,
FOTOWEBCAM,Schulterkogel,"Fotowebcam,Prebl / Schulterkogelhuette - Blick nach Suedosten,http://www.foto-webcam.eu/webcam/schulterkogel/current/400.jpg,Intervall:600,Direction:160",46.93127,14.762633,,
FOTOWEBCAM,Turrach Ost,"Fotowebcam,Turracher Hoehe / Hirschkogel - Blick nach Osten,http://www.foto-webcam.eu/webcam/turrach-ost/current/400.jpg,Intervall:600,Direction:100",46.921064,13.860498,,
FOTOWEBCAM,Turrach West,"Fotowebcam,Turracher Hoehe / Weitentallift Berg - Blick auf den Turracher See,http://www.foto-webcam.eu/webcam/turrach-west/current/400.jpg,Intervall:600,Direction:260",46.921556,13.889706,,
FOTOWEBCAM,Falkert Heidialm,"Fotowebcam,Heidi Alm Bergresort Falkert - Blick nach Westen zum Falkertspitz,http://www.foto-webcam.eu/webcam/falkert/current/400.jpg,Intervall:600,Direction:230",46.867848,13.832825,,
FOTOWEBCAM,BKK - Strohsack,"Fotowebcam,Bad Kleinkirchheim / Strohsack - Blick in den Biosphaerenpark Nockberge,http://www.foto-webcam.eu/webcam/strohsack/current/400.jpg,Intervall:600,Direction:340",46.790409,13.800447,,
FOTOWEBCAM,BKK - Kaiserburg,"Fotowebcam,Bad Kleinkirchheim / Blick zur Kaiserburg,http://www.foto-webcam.eu/webcam/kaiserburg/current/400.jpg,Intervall:600,Direction:55",46.786094,13.818127,,
FOTOWEBCAM,BKK - Maibrunn Berg,"Fotowebcam,Bad Kleinkirchheim / Maibrunn Berg - Blick auf Sonnenhang,http://www.foto-webcam.eu/webcam/maibrunn/current/400.jpg,Intervall:600,Direction:60",46.789666,13.793786,,
FOTOWEBCAM,Kirchheimerhof,"Fotowebcam,Bad Kleinkirchheim - Blick zum Kirchheimerhof,http://www.foto-webcam.eu/webcam/kirchheimerhof/current/400.jpg,Intervall:600,Direction:180",46.81649,13.784527,,
FOTOWEBCAM,BKK - Brunnach Nord,"Fotowebcam,Bad Kleinkirchheim / Biosphaerenparkbahn Brunnach - Blick in den Biosphaerenpark Nockberge,http://www.foto-webcam.eu/webcam/brunnach/current/400.jpg,Intervall:600,Direction:20",46.856838,13.750324,,
FOTOWEBCAM,BKK - Brunnach Sued,"Fotowebcam,Bad Kleinkirchheim / Biosphaerenparkbahn Brunnach - Blick nach Sueden,http://www.foto-webcam.eu/webcam/brunnach-sued/current/400.jpg,Intervall:600,Direction:200",46.856838,13.750324,,
FOTOWEBCAM,BKK - Sonnleitenlift,"Fotowebcam,Bad Kleinkirchheim / Sonnleitenlift - Blick nach Nordwesten,http://www.foto-webcam.eu/webcam/sonnleitenlift/current/400.jpg,Intervall:600,Direction:270",46.844938,13.763769,,
FOTOWEBCAM,BKK - Spitzeck,"Fotowebcam,Bad Kleinkirchheim / Spitzeckabfahrt,http://www.foto-webcam.eu/webcam/spitzeck/current/400.jpg,Intervall:600,Direction:360",46.849685,13.749365,,
FOTOWEBCAM,BKK - Wiesernock,"Fotowebcam,Bad Kleinkirchheim / Wiesernock - Blick zum Priedroef,http://www.foto-webcam.eu/webcam/wiesernock/current/400.jpg,Intervall:600,Direction:220",46.829511,13.745009,,
FOTOWEBCAM,BKK - Panoramalift,"Fotowebcam,Bad Kleinkirchheim / Nockalm - Blick auf Panoramaabfahrt/Priedroef,http://www.foto-webcam.eu/webcam/nockalm/current/400.jpg,Intervall:600,Direction:175",46.828107,13.742373,,
FOTOWEBCAM,BKK - Nockalm,"Fotowebcam,Bad Kleinkirchheim / Nockalm - Blick zur Kaiserburg,http://www.foto-webcam.eu/webcam/nockalm-berg/current/400.jpg,Intervall:0,Direction:175",46.828107,13.742373,,
FOTOWEBCAM,BKK - Scharte,"Fotowebcam,Bad Kleinkirchheim / Rosennockabfahrt - Blick zum Wiesernock,http://www.foto-webcam.eu/webcam/rosennockabfahrt/current/400.jpg,Intervall:600,Direction:150",46.847149,13.738741,,
FOTOWEBCAM,BKK - Thermenschuss,"Fotowebcam,Bad Kleinkirchheim / Thermenschuss - Blick zur Kaiserburg,http://www.foto-webcam.eu/webcam/kaiserburg-tal/current/400.jpg,Intervall:600,Direction:160",46.813377,13.799184,,
FOTOWEBCAM,BKK - Roemerbad,"Fotowebcam,Bad Kleinkirchheim / Thermal Roemerbad,http://www.foto-webcam.eu/webcam/thermenschuss/current/400.jpg,Intervall:600,Direction:360",46.808375,13.799116,,
FOTOWEBCAM,BKK - Golfplatz,"Fotowebcam,Bad Kleinkirchheim / Golfarena 18 Loch,http://www.foto-webcam.eu/webcam/golfbkk/current/400.jpg,Intervall:0,Direction:275",46.812408,13.844276,,
FOTOWEBCAM,BKK - Golfplatz Ost,"Fotowebcam,Bad Kleinkirchheim / Golfarena 18 Loch,http://www.foto-webcam.eu/webcam/golfplatzbkk/current/400.jpg,Intervall:0,Direction:165",46.814714,13.843902,,
FOTOWEBCAM,BKK - Bachlift,"Fotowebcam,Bad Kleinkirchheim / Bachlift - Blick nach Suedosten,http://www.foto-webcam.eu/webcam/bachlift/current/400.jpg,Intervall:600,Direction:165",46.812459,13.783802,,
FOTOWEBCAM,Dobratsch,"Fotowebcam,Dobratsch - Villacher Alpe - Blick nach Westen ins Gailtal,http://www.foto-webcam.eu/webcam/dobratsch/current/400.jpg,Intervall:600,Direction:270",46.60355,13.67034,,
FOTOWEBCAM,Obervellach,"Fotowebcam,Obervellach / Almgasthof Himmelbauer - Blick nach Suedosten,http://www.foto-webcam.eu/webcam/obervellach/current/400.jpg,Intervall:600,Direction:135",46.948143,13.168184,,
FOTOWEBCAM,Raggaschlucht,"Fotowebcam,Flattach - Blick in die Raggaschlucht,http://www.foto-webcam.eu/webcam/raggaschlucht/current/400.jpg,Intervall:0,Direction:290",46.924241,13.140799,,
FOTOWEBCAM,Flattach,"Fotowebcam,Flattach / Grafenberg - Blick zum Appartementhaus Lercher,http://www.foto-webcam.eu/webcam/flattach/current/400.jpg,Intervall:1800,Direction:98",46.936398,13.077082,,
FOTOWEBCAM,Rangersdorf,"Fotowebcam,Rangersdorf / Hotel Margarethenbad - Blick nach Nordosten,http://www.foto-webcam.eu/webcam/rangersdorf/current/400.jpg,Intervall:600,Direction:40",46.851116,12.928944,,
FOTOWEBCAM,Ederplan,"Fotowebcam,Rangersdorf / Ederplan - Blick nach Nordosten,http://www.foto-webcam.eu/webcam/ederplan/current/400.jpg,Intervall:1800,Direction:40",46.824917,12.897797,,
FOTOWEBCAM,Winklern,"Fotowebcam,Winklern im Moelltal / Penzelberg - Blick nach Osten,http://www.foto-webcam.eu/webcam/winklern/current/400.jpg,Intervall:600,Direction:111",46.872885,12.86306,,
FOTOWEBCAM,Moertschach,"Fotowebcam,Moertschach im Moelltal / Lorenzalm - Blick nach Norden,http://www.foto-webcam.eu/webcam/lorenzalm/current/400.jpg,Intervall:600,Direction:348",46.896542,12.915701,,
FOTOWEBCAM,Moertschachberg,"Fotowebcam,Moertschach / Klabischnighof - Blick Richtung Lienzer Dolomiten,http://www.foto-webcam.eu/webcam/moertschach/current/400.jpg,Intervall:600,Direction:220",46.923418,12.921735,,
FOTOWEBCAM,Astental Ost,"Fotowebcam,Astental / Sadnighaus - Blick nach Nordosten,http://www.foto-webcam.eu/webcam/sadnighaus/current/400.jpg,Intervall:600,Direction:45",46.954847,12.961083,,
FOTOWEBCAM,Astental West,"Fotowebcam,Astental / Burgstalleralm - Blick nach Suedwesten,http://www.foto-webcam.eu/webcam/burgstalleralm/current/400.jpg,Intervall:600,Direction:263",46.962005,12.98232,,
FOTOWEBCAM,Heiligenblut,"Fotowebcam,Heiligenblut / Zirbenhof - Blick zum Grossglockner,http://www.foto-webcam.eu/webcam/heiligenblut/current/400.jpg,Intervall:600,Direction:300",47.021,12.8773,,
FOTOWEBCAM,Wallackhaus Sued,"Fotowebcam,Berggasthof Wallackhaus - Heiligenblut - Blick nach Sueden,http://www.foto-webcam.eu/webcam/wallackhaus/current/400.jpg,Intervall:600,Direction:190",47.072917,12.839589,,
FOTOWEBCAM,Wallackhaus Nord,"Fotowebcam,Berggasthof Wallackhaus - Heiligenblut - Blick nach Norden zum Hochtor,http://www.foto-webcam.eu/webcam/wallackhaus-nord/current/400.jpg,Intervall:600,Direction:360",47.069218,12.838868,,
FOTOWEBCAM,Freiwandeck,"Fotowebcam,Freiwandeck - Blick zum Grossglockner,http://www.foto-webcam.eu/webcam/freiwandeck/current/400.jpg,Intervall:600,Direction:280",47.078201,12.756396,,
FOTOWEBCAM,Grossglockner,"Fotowebcam,Grossglockner / Top of Austria - Blick nach Norden,http://www.foto-webcam.eu/webcam/grossglockner/current/400.jpg,Intervall:600,Direction:5",47.074619,12.694002,,
FOTOWEBCAM,Dellach im Drautal,"Fotowebcam,Dellach im Drautal - Blick nach Norden,http://www.foto-webcam.eu/webcam/dellach/current/400.jpg,Intervall:1800,Direction:360",46.730812,13.088379,,
FOTOWEBCAM,Lienz Zettersfeld,"Fotowebcam,Lienz / Zettersfeld - Blick in die Lienzer Dolomiten,http://www.foto-webcam.eu/webcam/lienz/current/400.jpg,Intervall:600,Direction:200",46.86,12.79,,
FOTOWEBCAM,Feldkopf,"Fotowebcam,Wangenitztal / Feldkopf - Blick ueber den Wangenitzsee nach Osten,http://www.foto-webcam.eu/webcam/feldkopf/current/400.jpg,Intervall:600,Direction:110",46.928982,12.789711,,
FOTOWEBCAM,Kals,"Fotowebcam,Kals am Grossglockner - Blick nach Westen,http://www.foto-webcam.eu/webcam/kals/current/400.jpg,Intervall:600,Direction:280",47.007477,12.647537,,
FOTOWEBCAM,Kals Nord,"Fotowebcam,Kals am Grossglockner - Blick nach Nordosten,http://www.foto-webcam.eu/webcam/kals-nord/current/400.jpg,Intervall:1800,Direction:40",46.98332,12.626943,,
FOTOWEBCAM,Glocknerwinkel,"Fotowebcam,Glocknerwinkel / Blick nach Norden zum Grossglockner,http://www.foto-webcam.eu/webcam/glocknerwinkel/current/400.jpg,Intervall:600,Direction:3",47.021832,12.689609,,
FOTOWEBCAM,St.Veit in Defereggen,"Fotowebcam,St.Veit im Defereggental - Blick nach Westen,http://www.foto-webcam.eu/webcam/stveit/current/400.jpg,Intervall:1800,Direction:252",46.927657,12.435715,,
FOTOWEBCAM,Hopfgarten,"Fotowebcam,Hopfgarten im Defereggental - Blick nach Osten,http://www.foto-webcam.eu/webcam/hopfgarten/current/400.jpg,Intervall:600,Direction:60",46.909794,12.479249,,
FOTOWEBCAM,Virgen Sonnberg,"Fotowebcam,Virgen / Sonnberg - Blick nach Westen,http://www.foto-webcam.eu/webcam/virgen-west/current/400.jpg,Intervall:600,Direction:258",47.00832,12.470775,,
FOTOWEBCAM,Virgen Wuerfelehuette,"Fotowebcam,Virgen / Wuerfelehuette - Blick nach Norden,http://www.foto-webcam.eu/webcam/virgen-nord/current/400.jpg,Intervall:600,Direction:10",46.990593,12.44769,,
FOTOWEBCAM,Eispark Osttirol,"Fotowebcam,Eispark Osttirol - Der groesste kuenstliche Eisklettergarten in Oesterreich,http://www.foto-webcam.eu/webcam/eispark-osttirol/current/400.jpg,Intervall:0,Direction:280",47.126126,12.479778,,
FOTOWEBCAM,Kronplatz,"Fotowebcam,Kronplatz - Bruneck / Pustertal - Blick nach Norden ueber das Tauferer Tal,http://www.foto-webcam.eu/webcam/kronplatz/current/400.jpg,Intervall:600,Direction:350",46.740515,11.959224,,
FOTOWEBCAM,San Cassiano,"Fotowebcam,Alta Badia / San Cassiano - La Villa,http://www.foto-webcam.eu/webcam/st-kassian/current/400.jpg,Intervall:600,Direction:300",46.581471,11.919009,,
FOTOWEBCAM,Gummer,"Fotowebcam,Gummer / Sternwarte Max Valier - Blick nach Suedosten,http://www.foto-webcam.eu/webcam/gummer/current/400.jpg,Intervall:600,Direction:165",46.453071,11.462664,,
FOTOWEBCAM,Sternwarte-Suedtirol,"Fotowebcam,Gummer / Sternwarte Max Valier - Blick nach Sueden,http://www.foto-webcam.eu/webcam/gummer-starcam/current/400.jpg,Intervall:0,Direction:180",46.453071,11.462664,,
FOTOWEBCAM,Gantkofel,"Fotowebcam,Gantkofel / Mt. Macaion - Blick ueber Bozen in die Dolomiten,http://www.foto-webcam.eu/webcam/gantkofel/current/400.jpg,Intervall:600,Direction:95",46.49324,11.21057,,
FOTOWEBCAM,Meran,"Fotowebcam,Marlinger Berg - Meran - Blick nach Nordosten,http://www.foto-webcam.eu/webcam/meran/current/400.jpg,Intervall:600,Direction:65",46.662312,11.1279,,
FOTOWEBCAM,Meran Hochmuth,"Fotowebcam,Berggasthaus Hochmuth - Dorf Tirol / Meran - Blick nach Suedosten,http://www.foto-webcam.eu/webcam/hochmuth/current/400.jpg,Intervall:600,Direction:160",46.701997,11.131521,,
FOTOWEBCAM,Hintereisferner 1,"Fotowebcam,Hintereisferner - Blick Richtung Weisskugel und Langtaufererspitze,http://www.foto-webcam.eu/webcam/hintereisferner1/current/400.jpg,Intervall:1800,Direction:250",46.7959,10.7828,,
FOTOWEBCAM,Hintereisferner 2,"Fotowebcam,Hintereisferner - Blick Richtung Hintere Hintereisspitze,http://www.foto-webcam.eu/webcam/hintereisferner2/current/400.jpg,Intervall:1800,Direction:45",46.7959,10.7828,,
FOTOWEBCAM,Tisenjoch,"Fotowebcam,Tisenjoch - Blick nach Suedwesten zur Oetzi Fundstelle,http://www.foto-webcam.eu/webcam/tisenjoch/current/400.jpg,Intervall:1800,Direction:270",46.779567,10.840917,,
FOTOWEBCAM,Piz Chavalatsch,"Fotowebcam,Piz Chavalatsch - Sulden / Vinschgau - Blick nach Suedosten zum Ortler,http://www.foto-webcam.eu/webcam/chavalatsch/current/400.jpg,Intervall:600,Direction:145",46.614799,10.492088,,
FOTOWEBCAM,Brunnen,"Fotowebcam,Brunnen / Vierwaldstaettersee - Blick nach Sueden,http://www.foto-webcam.eu/webcam/brunnen/current/400.jpg,Intervall:600,Direction:180",46.995571,8.598627,,
FOTOWEBCAM,Laax,"Fotowebcam,Laax / Crap Sogn Gion Park - Blick nach Sueden,http://www.foto-webcam.eu/webcam/laax/current/400.jpg,Intervall:600,Direction:155",46.834546,9.216182,,
FOTOWEBCAM,Konkordiahuette,"Fotowebcam,Konkordiahuette - Unesco Weltnaturerbe Jungfrau - Aletsch,http://www.foto-webcam.eu/webcam/konkordiahuette/current/400.jpg,Intervall:600,Direction:294",46.50027,8.053442,,
FOTOWEBCAM,Wildalpen,"Fotowebcam,Wildalpen - Blick nach Sueden,http://www.foto-webcam.eu/webcam/wildalpen/current/400.jpg,Intervall:600,Direction:170",47.671391,14.984086,,
FOTOWEBCAM,Hochkar,"Fotowebcam,Hochkar - Blick ueber Wildalpen nach Suedosten zum Hochschwab,http://www.foto-webcam.eu/webcam/hochkar/current/400.jpg,Intervall:600,Direction:140",47.708967,14.912624,,
FOTOWEBCAM,Gernkogel,"Fotowebcam,Buchau-Huette am Gernkogel - St. Johann im Pongau - Blick nach Norden,http://www.foto-webcam.eu/webcam/gernkogel/current/400.jpg,Intervall:600,Direction:340",47.308876,13.232803,,
FOTOWEBCAM,Hochkoenig,"Fotowebcam,Matrashaus am Hochkoenig - Blick ueber den Koenigsjodler nach Suedwesten,http://www.foto-webcam.eu/webcam/hochkoenig/current/400.jpg,Intervall:600,Direction:230",47.420139,13.06214,,
FOTOWEBCAM,Goldbergkees,"Fotowebcam,Goldbergkees - Blick nach Suedosten,http://www.foto-webcam.eu/webcam/goldbergkees/current/400.jpg,Intervall:3600,Direction:150",47.051699,12.964414,,
FOTOWEBCAM,Sonnblick,"Fotowebcam,Sonnblick Observatorium - Blick nach Suedwesten Richtung Lienzer Dolomiten,http://www.foto-webcam.eu/webcam/sonnblick/current/400.jpg,Intervall:600,Direction:200",47.053979,12.957484,,
FOTOWEBCAM,Kleinfleisskees,"Fotowebcam,Kleinfleisskees - Blick nach Nordosten zum Hohen Sonnblick,http://www.foto-webcam.eu/webcam/kleinfleisskees/current/400.jpg,Intervall:600,Direction:22",47.046266,12.943059,,
FOTOWEBCAM,Kolm-Saigurn,"Fotowebcam,Kolm-Saigurn / Naturfreundehaus - Blick nach Sueden,http://www.foto-webcam.eu/webcam/sonnblickbasis/current/400.jpg,Intervall:1800,Direction:200",47.069481,12.984603,,
FOTOWEBCAM,Lofer,"Fotowebcam,Saalach - Teufelssteg | lofer.com,http://www.foto-webcam.eu/webcam/lofer/current/400.jpg,Intervall:600,Direction:45",47.588412,12.694699,,
FOTOWEBCAM,Saalfelden,"Fotowebcam,Saalfelden / Ritzensee - Blick nach Norden,http://www.foto-webcam.eu/webcam/saalfelden/current/400.jpg,Intervall:600,Direction:350",47.416719,12.84778,,
FOTOWEBCAM,Leogang - Asitz,"Fotowebcam,Grosser Asitz Gipfelkreuz - Blick in die Leoganger Steinberge,http://www.foto-webcam.eu/webcam/asitz/current/400.jpg,Intervall:600,Direction:20",47.402468,12.702289,,
FOTOWEBCAM,Maishofen Sausteige,"Fotowebcam,Maishofen / Sausteige - Blick nach Suedosten,http://www.foto-webcam.eu/webcam/sausteige/current/400.jpg,Intervall:600,Direction:140",47.382239,12.764779,,
FOTOWEBCAM,Schloss Kammer,"Fotowebcam,Maishofen / Schloss Kammer - Blick nach Sueden,http://www.foto-webcam.eu/webcam/schlosskammer/current/400.jpg,Intervall:600,Direction:200",47.365283,12.820947,,
FOTOWEBCAM,Zell am See,"Fotowebcam,Zell am See-Kaprun - Blick zum Kitzsteinhorn und zur Schmittenhoehe,http://www.foto-webcam.eu/webcam/zellamsee/current/400.jpg,Intervall:600,Direction:240",47.334816,12.822689,,
FOTOWEBCAM,Schwaigerhaus,"Fotowebcam,Heinrich-Schwaiger-Haus - Kaprun Hochgebirgsstauseen - Blick nach Westen,http://www.foto-webcam.eu/webcam/schwaigerhaus/current/400.jpg,Intervall:600,Direction:290",47.162799,12.738906,,
FOTOWEBCAM,Mooserboden,"Fotowebcam,Kaprun Hochgebirgsstauseen - Mooserboden - Blick Richtung Wiesbachhorn,http://www.foto-webcam.eu/webcam/mooserboden/current/400.jpg,Intervall:600,Direction:100",47.166238,12.711459,,
FOTOWEBCAM,Rudolfshuette,"Fotowebcam,Berghotel Rudolfshuette - Weisssee Gletscherwelt - Blick nach Suedwesten,http://www.foto-webcam.eu/webcam/rudolfshuette/current/400.jpg,Intervall:600,Direction:230",47.135232,12.627536,,
FOTOWEBCAM,Pass Thurn,"Fotowebcam,Gasthof Hohe Bruecke - Pass Thurn - Blick in die Hohen Tauern / Oberpinzgau,http://www.foto-webcam.eu/webcam/passthurn/current/400.jpg,Intervall:600,Direction:235",47.295192,12.43088,,
FOTOWEBCAM,Schlegeis,"Fotowebcam,Schlegeis Stausee - Zillertaler Alpen - Blick nach Sueden,http://www.foto-webcam.eu/webcam/schlegeis/current/400.jpg,Intervall:600,Direction:170",47.040543,11.702469,,
FOTOWEBCAM,Tristner,"Fotowebcam,Gamshuette / Zillertal - Blick nach Suedosten zum Tristner,http://www.foto-webcam.eu/webcam/tristner/current/400.jpg,Intervall:1800,Direction:120",47.129953,11.795856,,
FOTOWEBCAM,Grinberg,"Fotowebcam,Tristner / Zillertal - Blick nach Nordwesten zum Grinberg,http://www.foto-webcam.eu/webcam/grinberg/current/400.jpg,Intervall:1800,Direction:270",47.109119,11.8257,,
FOTOWEBCAM,Tuxertal,"Fotowebcam,Wanglspitz - Tuxertal - Blick nach Suedwesten,http://www.foto-webcam.eu/webcam/tuxertal/current/400.jpg,Intervall:600,Direction:235",47.184268,11.775214,,
FOTOWEBCAM,Innsbruck,"Fotowebcam,Seegrube - Innsbruck - Blick nach Sueden,http://www.foto-webcam.eu/webcam/innsbruck/current/400.jpg,Intervall:600,Direction:170",47.305572,11.377861,,
FOTOWEBCAM,UNI Innsbruck,"Fotowebcam,Universitaet Innsbruck / Blick nach Nordosten ins Unterinntal,http://www.foto-webcam.eu/webcam/innsbruck-uni/current/400.jpg,Intervall:600,Direction:80",47.259998,11.384167,,
FOTOWEBCAM,Gmundner Huette,"Fotowebcam,Gmundner Huette am Traunstein - Oberoesterreich - Blick nach Westen,http://www.foto-webcam.eu/webcam/traunstein/current/400.jpg,Intervall:1800,Direction:250",47.872985,13.833632,,
FOTOWEBCAM,Funtenseetauern,"Fotowebcam,Funtenseetauern - Nationalpark Berchtesgaden - Blick ueber den Koenigssee nach Norden,http://www.foto-webcam.eu/webcam/funtenseetauern/current/400.jpg,Intervall:600,Direction:359",47.486425,12.971453,,
FOTOWEBCAM,Jenner Sued,"Fotowebcam,Jennerbahn - Berchtesgaden - Blick ins Hagengebirge und zum Steinernen Meer,http://www.foto-webcam.eu/webcam/jenner-sued/current/400.jpg,Intervall:600,Direction:180",47.5756085,13.0246708,,
FOTOWEBCAM,Vorderloiplsau,"Fotowebcam,Vorderloiplsau - Berchtesgadener Land - Blick zum Hochkalter und zur Reiteralm,http://www.foto-webcam.eu/webcam/vorderloiplsau/current/400.jpg,Intervall:600,Direction:237",47.62069,12.91171,,
FOTOWEBCAM,Salzburg,"Fotowebcam,Reichenhaller Haus am Hochstaufen - Blick ueber Salzburg nach Osten,http://www.foto-webcam.eu/webcam/salzburg/current/400.jpg,Intervall:600,Direction:70",47.75505,12.8498,,
FOTOWEBCAM,Bad Reichenhall,"Fotowebcam,Reichenhaller Haus am Hochstaufen - Blick ueber Bad Reichenhall nach Sueden,http://www.foto-webcam.eu/webcam/hochstaufen/current/400.jpg,Intervall:600,Direction:150",47.755032,12.849792,,
FOTOWEBCAM,Marquartstein,"Fotowebcam,Marquartstein / Schnappenberg - Blick uebers Achental nach Suedwesten,http://www.foto-webcam.eu/webcam/marquartstein/current/400.jpg,Intervall:1800,Direction:232",47.762132,12.479953,,
FOTOWEBCAM,Marquartstein Oed,"Fotowebcam,Marquartstein Oed - Blick nach Osten auf Hochlerch und Rechenberg,http://www.foto-webcam.eu/webcam/oed/current/400.jpg,Intervall:600,Direction:80",47.75,12.46,,
FOTOWEBCAM,Kampenwand,"Fotowebcam,Kampenwand - Blick nach Norden ueber den Chiemsee,http://www.foto-webcam.eu/webcam/kampenwand/current/400.jpg,Intervall:600,Direction:7",47.754811,12.356723,,
FOTOWEBCAM,Hochries Ost,"Fotowebcam,Hochries Bergstation - Blick nach Nordosten,http://www.foto-webcam.eu/webcam/hochries-ost/current/400.jpg,Intervall:600,Direction:55",47.748005,12.250265,,
FOTOWEBCAM,Hochries Sued,"Fotowebcam,Hochrieshuette - DAV Sektion Rosenheim - Blick nach Sueden,http://www.foto-webcam.eu/webcam/hochries-sued/current/400.jpg,Intervall:600,Direction:200",47.7467,12.249175,,
FOTOWEBCAM,Hochries West,"Fotowebcam,Hochrieshuette - DAV Sektion Rosenheim - Blick nach Westen,http://www.foto-webcam.eu/webcam/hochries/current/400.jpg,Intervall:600,Direction:260",47.747205,12.249036,,
FOTOWEBCAM,Samerberg,"Fotowebcam,Samerberg - Blick ueber Toerwang zur Hochries,http://www.foto-webcam.eu/webcam/samerberg/current/400.jpg,Intervall:600,Direction:130",47.781651,12.207622,,
FOTOWEBCAM,Pendling Ost,"Fotowebcam,Pendlinghaus - Kufstein - Blick nach Osten ins Kaisergebirge,http://www.foto-webcam.eu/webcam/pendling-ost/current/400.jpg,Intervall:600,Direction:90",47.57291,12.11221,,
FOTOWEBCAM,Pendling West,"Fotowebcam,Pendlinghaus - Kufstein - Blick ueber Hinterthiersee nach Nordwesten,http://www.foto-webcam.eu/webcam/pendling-west/current/400.jpg,Intervall:600,Direction:285",47.57289,12.11197,,
FOTOWEBCAM,Wendelstein Ost,"Fotowebcam,Wendelsteinbahn Bergstation - Gacher Blick nach Suedosten,http://www.foto-webcam.eu/webcam/wendelstein-ost/current/400.jpg,Intervall:600,Direction:120",47.701793,12.012,,
FOTOWEBCAM,Wendelstein West,"Fotowebcam,Wendelsteinbahn Bergstation - Gacher Blick nach Suedwesten,http://www.foto-webcam.eu/webcam/wendelstein-west/current/400.jpg,Intervall:600,Direction:250",47.7018,12.0118,,
FOTOWEBCAM,Sonnenbichl,"Fotowebcam,Audi Skizentrum Sonnenbichl - Bad Wiessee - Blick ueber den Tegernsee,http://www.foto-webcam.eu/webcam/sonnenbichl/current/400.jpg,Intervall:600,Direction:40",47.699882,11.710077,,
FOTOWEBCAM,Brauneck Garland,"Fotowebcam,Brauneck Garland - Blick ueber Bad Toelz nach Norden,http://www.foto-webcam.eu/webcam/garland/current/400.jpg,Intervall:600,Direction:20",47.66347,11.526497,,
FOTOWEBCAM,Herzogstand Nord,"Fotowebcam,Herzogstand / Fahrenbergkopf - Blick ueber den Kochelsee ins Oberland,http://www.foto-webcam.eu/webcam/kochelsee/current/400.jpg,Intervall:600,Direction:20",47.607013,11.316456,,
FOTOWEBCAM,Herzogstand Sued,"Fotowebcam,Herzogstand / Fahrenbergkopf - Blick ueber den Walchensee ins Karwendel,http://www.foto-webcam.eu/webcam/herzogstand/current/400.jpg,Intervall:600,Direction:180",47.606633,11.316126,,
FOTOWEBCAM,Karwendelbahn,"Fotowebcam,Karwendelbahn - Mittenwald - Blick nach Nordwesten,http://www.foto-webcam.eu/webcam/karwendel/current/400.jpg,Intervall:600,Direction:305",47.430276,11.295627,,
FOTOWEBCAM,Wankhaus,"Fotowebcam,Wankhaus - Garmisch-Partenkirchen - Blick nach Suedwesten zur Zugspitze,http://www.foto-webcam.eu/webcam/wank/current/400.jpg,Intervall:600,Direction:240",47.507907,11.144048,,
FOTOWEBCAM,Gsteig,"Fotowebcam,Gsteig - Blick zur Zugspitze,http://www.foto-webcam.eu/webcam/gsteig/current/400.jpg,Intervall:600,Direction:210",47.487315,11.128385,,
FOTOWEBCAM,Meilerhuette West,"Fotowebcam,Meilerhuette - Wetterstein - Blick nach Nordwesten zur Zugspitze,http://www.foto-webcam.eu/webcam/meilerhuette/current/400.jpg,Intervall:600,Direction:290",47.41246,11.128825,,
FOTOWEBCAM,Meilerhuette Nord,"Fotowebcam,Meilerhuette - Wetterstein - Blick nach Nordosten,http://www.foto-webcam.eu/webcam/meilerhuette-nord/current/400.jpg,Intervall:600,Direction:25",47.41246,11.128825,,
FOTOWEBCAM,Meilerhuette Haus,"Fotowebcam,Meilerhuette - Wetterstein - Blick zur Huette,http://www.foto-webcam.eu/webcam/meilerhuette-haus/current/400.jpg,Intervall:600,Direction:90",47.412296,11.1273695,,
FOTOWEBCAM,Hausberg,"Fotowebcam,Hausberg - Garmisch-Classic - Blick nach Suedwesten,http://www.foto-webcam.eu/webcam/hausberg/current/400.jpg,Intervall:600,Direction:240",47.463415,11.094441,,
FOTOWEBCAM,Kandahar-Express,"Fotowebcam,Kandahar-Express am Kreuzjoch - Garmisch-Classic - Blick nach Nordosten,http://www.foto-webcam.eu/webcam/kandahar-express/current/400.jpg,Intervall:600,Direction:50",47.452552,11.079449,,
FOTOWEBCAM,Kreuzeck,"Fotowebcam,Kreuzeck Bergstation - Garmisch-Classic - Blick zur Alpspitze und Zugspitze,http://www.foto-webcam.eu/webcam/kreuzeck/current/400.jpg,Intervall:600,Direction:260",47.451259,11.077574,,
FOTOWEBCAM,Zugspitze Gipfel,"Fotowebcam,Wetterwarte Zugspitze - Blick ueber den Gipfel nach Osten,http://www.foto-webcam.eu/webcam/zugspitze/current/400.jpg,Intervall:600,Direction:80",47.42083,10.98473,,
FOTOWEBCAM,Zugspitze Sued,"Fotowebcam,Wetterwarte Zugspitze - Blick ueber das Zugspitzplatt nach Sueden,http://www.foto-webcam.eu/webcam/zugspitze-sued/current/400.jpg,Intervall:600,Direction:190",47.42082,10.98472,,
FOTOWEBCAM,Zugspitze Nord,"Fotowebcam,Bayerische Zugspitzbahn - Blick vom Gipfel nach Norden,http://www.foto-webcam.eu/webcam/zugspitze-nord/current/400.jpg,Intervall:600,Direction:355",47.421483,10.985454,,
FOTOWEBCAM,Zugspitze Ost,"Fotowebcam,Bayerische Zugspitzbahn - Blick ueber das Hoellental nach Osten,http://www.foto-webcam.eu/webcam/zugspitze-ost/current/400.jpg,Intervall:600,Direction:55",47.421501,10.985628,,
FOTOWEBCAM,Zugspitze Baustelle,"Fotowebcam,Bayerische Zugspitzbahn - Baustelle Seilbahn Zugspitze - Gipfel,http://www.foto-webcam.eu/webcam/bzb-gipfel/current/400.jpg,Intervall:1800,Direction:90",47.421449,10.984445,,
FOTOWEBCAM,Eibsee Nord,"Fotowebcam,Seilbahn Zugspitze - Weltrekord-Stuetze - Blick ueber den Eibsee nach Norden,http://www.foto-webcam.eu/webcam/eibsee-nord/current/400.jpg,Intervall:600,Direction:340",47.4463836,10.987823,,
FOTOWEBCAM,Zugspitze Tal,"Fotowebcam,Bayerische Zugspitzbahn - Seilbahn Zugspitze - Talstation,http://www.foto-webcam.eu/webcam/bzb-tal/current/400.jpg,Intervall:600,Direction:340",47.454979,10.993231,,
FOTOWEBCAM,Eibsee-Hotel,"Fotowebcam,Eibsee-Hotel - Grainau - Blick nach Suedwesten zur Zugspitze,http://www.foto-webcam.eu/webcam/eibsee-hotel/current/400.jpg,Intervall:600,Direction:205",47.45824,10.989387,,
FOTOWEBCAM,Unterammergau,"Fotowebcam,Unterammergau - Blick nach Suedosten zum Laber,
imgurl:http,http://www.foto-webcam.eu/webcam/eibsee-hotel/current/400.jpg,Intervall:600,Direction:205",47.45824,10.989387,,
FOTOWEBCAM,Tegelberghaus,"Fotowebcam,Tegelberghaus - Ostallgaeu - Blick auf Fuessen,
imgurl:http,http://www.foto-webcam.eu/webcam/eibsee-hotel/current/400.jpg,Intervall:600,Direction:205",47.45824,10.989387,,
FOTOWEBCAM,Gruentenlifte,"Fotowebcam,Rettenberg / Kranzegg - Blick nach Suedosten zu den Gruentenliften,http://www.foto-webcam.eu/webcam/gruentenlifte/current/400.jpg,Intervall:0,Direction:150",47.595681,10.308049,,
FOTOWEBCAM,Nebelhorn,"Fotowebcam,Nebelhornbahn Gipfelstation - Oberstdorf - Blick nach Suedosten,http://www.foto-webcam.eu/webcam/nebelhorn/current/400.jpg,Intervall:600,Direction:130",47.421681,10.342512,,
FOTOWEBCAM,Gerstruben,"Fotowebcam,Gerstruben - Oberstdorf - Blick nach Suedwesten,http://www.foto-webcam.eu/webcam/gerstruben/current/400.jpg,Intervall:1800,Direction:240",47.370428,10.313817,,
FOTOWEBCAM,Oberstdorf,"Fotowebcam,Oberstdorf / Scheibenhaus - Blick nach Sueden,http://www.foto-webcam.eu/webcam/scheibenhaus/current/400.jpg,Intervall:600,Direction:180",47.393347,10.281679,,
FOTOWEBCAM,Skiflugschanze,"Fotowebcam,Heini-Klopfer-Skiflugschanze - Oberstdorf - Blick nach Nordosten,http://www.foto-webcam.eu/webcam/skiflugschanze/current/400.jpg,Intervall:600,Direction:40",47.377001,10.267085,,
FOTOWEBCAM,Fellhorn,"Fotowebcam,Fellhornbahn Gipfelstation - Oberstdorf - Blick nach Suedosten,http://www.foto-webcam.eu/webcam/fellhorn/current/400.jpg,Intervall:600,Direction:140",47.348075,10.216169,,
FOTOWEBCAM,Schroecken,"Fotowebcam,Schroecken - Blick nach Nordwesten,http://www.foto-webcam.eu/webcam/schroecken/current/400.jpg,Intervall:600,Direction:310",47.256754,10.094002,,
FOTOWEBCAM,Koerbersee,"Fotowebcam,Koerbersee / Schroecken  - Schoenster Platz Oesterreichs 2017,http://www.foto-webcam.eu/webcam/koerbersee/current/400.jpg,Intervall:600,Direction:240",47.256121,10.115857,,
FOTOWEBCAM,Damuels,"Fotowebcam,Damuels / Hotel Alpenblume - Blick nach Sueden / Faschina,http://www.foto-webcam.eu/webcam/damuels/current/400.jpg,Intervall:600,Direction:180",47.285447,9.890544,,
FOTOWEBCAM,Oberstaufen,"Fotowebcam,Oberstaufen / Haubers Alpenresort - Blick nach Suedwesten,http://www.foto-webcam.eu/webcam/oberstaufen/current/400.jpg,Intervall:600,Direction:200",47.572375,10.043138,,
FOTOWEBCAM,Andelsbuch,"Fotowebcam,Bergbahnen Andelsbuch / Niedere - Blick nach Nordwesten,http://www.foto-webcam.eu/webcam/andelsbuch/current/400.jpg,Intervall:600,Direction:300",47.4032,9.938801,,
FOTOWEBCAM,Furkajoch,"Fotowebcam,Furkajoch - Blick nach Westen,http://www.foto-webcam.eu/webcam/furkajoch/current/400.jpg,Intervall:600,Direction:260",47.264004,9.827745,,
FOTOWEBCAM,Feldkirch,"Fotowebcam,Feldkirch / Blick nach Norden,http://www.foto-webcam.eu/webcam/feldkirch/current/400.jpg,Intervall:1800,Direction:1",47.232575,9.598371,,
FOTOWEBCAM,Dornbirn,"Fotowebcam,Dornbirn / Karren - Blick nach Nordwesten zum Bodensee,http://www.foto-webcam.eu/webcam/dornbirn/current/400.jpg,Intervall:600,Direction:330",47.388064,9.75051,,
FOTOWEBCAM,Roethis Ost,"Fotowebcam,Roethis - METZLER GmbH & Co KG - Blick nach Osten,http://www.foto-webcam.eu/webcam/roethis-ost/current/400.jpg,Intervall:600,Direction:90",47.306649,9.618008,,
FOTOWEBCAM,Roethis West,"Fotowebcam,Roethis - METZLER GmbH & Co KG - Blick nach Westen,http://www.foto-webcam.eu/webcam/roethis-west/current/400.jpg,Intervall:600,Direction:270",47.306648,9.618187,,
FOTOWEBCAM,Hoher Kasten,"Fotowebcam,Hoher Kasten / Drehrestaurant - Blick nach Suedosten ins Rheintal,http://www.foto-webcam.eu/webcam/hoherkasten/current/400.jpg,Intervall:600,Direction:110",47.283884,9.485686,,
FOTOWEBCAM,St. Anton,"Fotowebcam,St. Anton / Wasserschloss KW Kartell - Blick nach Norden,http://www.foto-webcam.eu/webcam/ewa/current/400.jpg,Intervall:600,Direction:2",47.09494,10.225127,,
FOTOWEBCAM,Schwarzenbach,"Fotowebcam,Schwarzenbach / Museumsturm - Blick nach Westen,http://www.foto-webcam.eu/webcam/schwarzenbach/current/400.jpg,Intervall:600,Direction:267",47.636144,16.361593,,
FOTOWEBCAM,Hochwolkersdorf,"Fotowebcam,Hochwolkersdorf / Blick nach Suedwesten in die Bucklige Welt,http://www.foto-webcam.eu/webcam/hochwolkersdorf/current/400.jpg,Intervall:1800,Direction:220",47.673894,16.28241,,
FOTOWEBCAM,Wien Donaustadt,"Fotowebcam,Wien-Donaustadt - Blick von der UBIMET-Zentrale nach Suedwesten,http://www.foto-webcam.eu/webcam/wien/current/400.jpg,Intervall:600,Direction:210",48.233518,16.411176,,
FOTOWEBCAM,Wien Bisamberg,"Fotowebcam,Wien / Bisamberg - Blick nach Sueden,http://www.foto-webcam.eu/webcam/bisamberg/current/400.jpg,Intervall:600,Direction:170",48.31067,16.38251,,
FOTOWEBCAM,Bad Endorf,"Fotowebcam,Bad Endorf - Blick ueber den Simssee auf Wendelstein und Mangfallgebirge,http://www.foto-webcam.eu/webcam/bad-endorf/current/400.jpg,Intervall:1800,Direction:230",47.909097,12.311897,,
FOTOWEBCAM,Rosenheim,"Fotowebcam,Rosenheim / RoMed Klinikum - Blick nach Suedwesten,http://www.foto-webcam.eu/webcam/rosenheim/current/400.jpg,Intervall:600,Direction:200",47.860299,12.131823,,
FOTOWEBCAM,Freimann Nord,"Fotowebcam,Studentenstadt Muenchen-Freimann - Nord-Blick zur A9-Hochbruecke und Allianz-Arena,http://www.foto-webcam.eu/webcam/freimann/current/400.jpg,Intervall:600,Direction:355",48.183971,11.611222,,
FOTOWEBCAM,Freimann Sued,"Fotowebcam,Studentenstadt Muenchen-Freimann - Blick nach Sueden / Muenchen-Innenstadt,http://www.foto-webcam.eu/webcam/muenchen/current/400.jpg,Intervall:600,Direction:217",48.183971,11.611222,,
FOTOWEBCAM,TUM Olympiapark,"Fotowebcam,Olympiaturm Muenchen - Baustelle TUM Campus im Olympiapark,http://www.foto-webcam.eu/webcam/tum-olympiapark/current/400.jpg,Intervall:600,Direction:310",48.1743533,11.5529664,,
FOTOWEBCAM,Dachau,"Fotowebcam,Rathaus Dachau - Blick nach Suedosten,http://www.foto-webcam.eu/webcam/dachau/current/400.jpg,Intervall:600,Direction:150",48.259159,11.435332,,
FOTOWEBCAM,Fuerstenfeld,"Fotowebcam,Veranstaltungsforum Fuerstenfeld - Blick zur Klosterkirche,http://www.foto-webcam.eu/webcam/fuerstenfeld/current/400.jpg,Intervall:600,Direction:125",48.170295,11.247042,,
FOTOWEBCAM,Hohenpeissenberg,"Fotowebcam,Hohenpeissenberg / Restaurant Bayerischer Rigi - Blick nach Osten,http://www.foto-webcam.eu/webcam/peissenberg/current/400.jpg,Intervall:600,Direction:110",47.800785,11.014571,,
FOTOWEBCAM,Hanusel Hof,"Fotowebcam,Hanusel Hof - Golf und Wellness Hotel im Allgaeu - Blick nach Osten,http://www.foto-webcam.eu/webcam/hanuselhof/current/400.jpg,Intervall:600,Direction:120",47.658929,10.196552,,
FOTOWEBCAM,Schwaerzenlifte,"Fotowebcam,Schwaerzenlifte - Eschach / Oberallgaeu - Blick zum Gletschergumpen und Blender,http://www.foto-webcam.eu/webcam/schwaerzenlifte/current/400.jpg,Intervall:600,Direction:35",47.7072237,10.1941924,,
FOTOWEBCAM,Buchkopfturm,"Fotowebcam,Buchkopfturm - Oppenau-Maisach / Schwarzwald - Blick nach Westen,http://www.foto-webcam.eu/webcam/buchkopfturm/current/400.jpg,Intervall:1800,Direction:260",48.477345,8.236567,,
FOTOWEBCAM,Grandsberg,"Fotowebcam,Grandsberg - Schwarzach / Bayerischer Wald - Blick nach Sueden zur Donauebene,http://www.foto-webcam.eu/webcam/grandsberg/current/400.jpg,Intervall:600,Direction:200",48.948899,12.851912,,
FOTOWEBCAM,Grosser Arbersee,"Fotowebcam,Grosser Arbersee - Bayerischer Wald - Blick zur Arberseewand,http://www.foto-webcam.eu/webcam/arbersee/current/400.jpg,Intervall:600,Direction:270",49.0985881,13.1591166,,
FOTOWEBCAM,Grosser Arber Ost,"Fotowebcam,Grosser Arber - Bayerischer Wald - Blick nach Nordosten ins ArberLand,http://www.foto-webcam.eu/webcam/arber-ost/current/400.jpg,Intervall:600,Direction:70",49.112164,13.137192,,
FOTOWEBCAM,Grosser Arber Sued,"Fotowebcam,Grosser Arber - Bayerischer Wald - Blick nach Sueden ins ArberLand,http://www.foto-webcam.eu/webcam/arber-sued/current/400.jpg,Intervall:600,Direction:200",49.112215,13.135694,,
FOTOWEBCAM,Grosser Arber Nord,"Fotowebcam,Grosser Arber - Bayerischer Wald - Blick nach Nordwesten ins ArberLand,http://www.foto-webcam.eu/webcam/arber-nord/current/400.jpg,Intervall:600,Direction:340",49.114719,13.133446,,
FOTOWEBCAM,Schareben,"Fotowebcam,Drachselsried / Berghuette Schareben 1019m ue. NN - Blick nach Suedwesten,http://www.foto-webcam.eu/webcam/schareben/current/400.jpg,Intervall:600,Direction:200",49.129557,13.052244,,
FOTOWEBCAM,Wuerzburg,"Fotowebcam,Kunstobjekt >Das letzte Luftschiff<  Michael Ehlers,http://www.foto-webcam.eu/webcam/luftschiff/current/400.jpg,Intervall:600,Direction:290",49.789875,9.966819,,
FOTOWEBCAM,Feldberg Taunus,"Fotowebcam,Grosser Feldberg im Taunus - Blick ueber Frankfurt nach Suedosten,http://www.foto-webcam.eu/webcam/feldberg-ts/current/400.jpg,Intervall:600,Direction:125",50.232203,8.458489,,
FOTOWEBCAM,Norderney,"Fotowebcam,Kaiserhof - Norderney / Ostfriesland - Blick Richtung Nordwesten,http://www.foto-webcam.eu/webcam/norderney/current/400.jpg,Intervall:600,Direction:290",53.709701,7.143195,,
FOTOWEBCAM,Genova,"Fotowebcam,Genova / Viadotto Polcevera,http://www.foto-webcam.eu/webcam/genova/current/400.jpg,Intervall:600,Direction:320",44.42019,8.894048,,
FOTOWEBCAM,St. Pauls,"Fotowebcam,Kellerei St. Pauls / Eppan - Blick zur Baustelle,http://www.foto-webcam.eu/webcam/st-pauls/current/400.jpg,Intervall:3600,Direction:10",46.470622,11.26392,,
FOTOWEBCAM,Huaraz,"Fotowebcam,Huaraz - Blick nach Osten,http://www.foto-webcam.eu/webcam/huaraz/current/400.jpg,Intervall:600,Direction:80",-9.530189,-77.531599,,
FOTOWEBCAM,Capo Reamol,"Fotowebcam,addicted-sports.com: Blick ueber den Gardasee von Capo Reamol,https://www.addicted-sports.com/fileadmin/webcam/caporeamol/current/400.jpg,Intervall:600",45.828378,10.822039,,
FOTOWEBCAM,Malcesine Addicted,"Fotowebcam,addicted-sports.com: Blick ueber den Gardasee von Malcesine,https://www.addicted-sports.com/fileadmin/webcam/gardasee/current/400.jpg,Intervall:600",45.76154,10.807952,,
FOTOWEBCAM,Torbole,"Fotowebcam,addicted-sports.com: Blick ueber den Gardasee von Torbole,https://www.addicted-sports.com/fileadmin/webcam/torbole/current/400.jpg,Intervall:600",45.870401,10.873104,,
FOTOWEBCAM,Campione,"Fotowebcam,www.addicted-sports.com: Gardasee Campione,https://www.addicted-sports.com/fileadmin/webcam/campione/current/400.jpg,Intervall:600",45.450226,10.445647,,
FOTOWEBCAM,Brenzone,"Fotowebcam,www.addicted-sports.com: Gardasee Brenzone,https://www.addicted-sports.com/fileadmin/webcam/brenzone/current/400.jpg,Intervall:600",45.423453,10.460269,,
FOTOWEBCAM,Pognana Lario,"Fotowebcam,foto-webcam.ch: Pognana Lario Italien - Blick richtung Como,http://foto-webcam.ch/webcam/pognana1/current/400.jpg,Intervall:600",45.878654,9.156812,,
FOTOWEBCAM,Cully Genve,"Fotowebcam,foto-webcam.ch: Cully Genve - Blick richtung Montreux und Martigny,http://www.foto-webcam.eu/webcam/tmp/partner/cully/current/400.jpg,Intervall:600",46.487078,6.730716,,
FOTOWEBCAM,Almanarre,"Fotowebcam,www.addicted-sports.com: Camping International - Almanarre / Hyres / France - Blick nach Nordwesten,https://www.addicted-sports.com/fileadmin/webcam/hyeres/current/400.jpg,Intervall:600",43.041693,6.127354,,
FOTOWEBCAM,Poertschach Sued,"Fotowebcam,foto-webcam.com: Poertschach am Woerthersee - Windischberg - Blick nach Suedosten,http://www.foto-webcam.eu/webcam/tmp/partner/poertschach-a-w/current/400.jpg,Direction:145",46.6439,14.130025,,
FOTOWEBCAM,Amlach - Lienz,"Fotowebcam,megacam.at: Blick Amlach - Lienz - Osttirol,https://www.megacam.at/webcam/amlach/current/400.jpg",46.804819,12.77531,,
FOTOWEBCAM,Kartitsch,"Fotowebcam,megacam.at: Kartitsch - Osttirol,https://www.megacam.at/webcam/kartitsch/current/400.jpg",46.725202,12.487433,,
FOTOWEBCAM,Sillian,"Fotowebcam,megacam.at: Silian - Osttirol,https://www.megacam.at/webcam/sillian/current/400.jpg",46.74814,12.414667,,
FOTOWEBCAM,Villgraten,"Fotowebcam,megacam.at: Villgraten - Blick Kalkstein / Alfenalm - Osttirol,https://www.megacam.at/webcam/villgraten/current/400.jpg",46.807135,12.3209,,
FOTOWEBCAM,Innervillgraten,"Fotowebcam,megacam.at: Innervillgraten - Osttirol,https://www.megacam.at/webcam/innervillgraten/current/400.jpg",46.803662,12.378409,,
FOTOWEBCAM,Innichen,"Fotowebcam,megacam.at: Hotel Leitlhof - Innichen - Pustertal,https://www.megacam.at/webcam/innichen-Leitlhof/current/400.jpg",46.736847,12.285493,,
FOTOWEBCAM,Toblach Ratsberg,"Fotowebcam,www.foto.webcam: Alpenhotel Ratsberg Toblach,https://www.foto.webcam/webcam/icwebcam24/current/400.jpg",46.748771,12.217415,,
FOTOWEBCAM,Niederdorf,"Fotowebcam,www.foto.webcam: Haeuslerhof / Niederdorf - Villabassa,https://www.foto.webcam/webcam/icwebcam13/current/400.jpg",46.7469037,12.1399113,,
FOTOWEBCAM,Taisten Pustertal,"Fotowebcam,www.foto.webcam: Hotel Alpen Tesitin - Taisten / Pustertal - Aussicht von unserer Sonnenterrasse,https://www.foto.webcam/webcam/icwebcam5/current/400.jpg",46.766892,12.102741,,
FOTOWEBCAM,Olang Geiselsberg,"Fotowebcam,www.foto.webcam: Olang - Geiselsberg - Berghotel Zirm,https://www.foto.webcam/webcam/icwebcam19/current/400.jpg",46.746433,12.001198,,
FOTOWEBCAM,Reischach,"Fotowebcam,www.foto.webcam: Appartements Andreas - Reischach - Pustertal,https://www.foto.webcam/webcam/icwebcam1/current/400.jpg",46.774921,11.95725,,
FOTOWEBCAM,Kronplatz-Gipfel,"Fotowebcam,www.foto.webcam: Gipfel Restaurant Cima / Kronplatz,https://www.foto.webcam/webcam/icwebcam15/current/400.jpg",46.7386382,11.9532414,,
FOTOWEBCAM,Rein in Taufers,"Fotowebcam,www.foto.webcam: Hotel Reinerhof - Rein in Taufers,https://www.foto.webcam/webcam/icwebcam2/current/400.jpg",46.948463,12.061304,,
FOTOWEBCAM,Klausberg Tal,"Fotowebcam,klausberg.it: Talstation - Blick auf Steinhaus,https://www.foto-webcam.eu/webcam/klausberg-talstation/current/400.jpg",46.984698,11.978986,,
FOTOWEBCAM,Klausberg Almboden,"Fotowebcam,klausberg.it: Almboden - Blick nach Suedosten,https://www.foto-webcam.eu/webcam/klausberg-almboden/current/400.jpg",46.983197,11.982073,,
FOTOWEBCAM,St. Jakob - Ahrntal,"Fotowebcam,www.foto.webcam: Hotel Markus / St. Jakob / Ahrntal,https://www.foto.webcam/webcam/icwebcam14/current/400.jpg",46.99628,12.020515,,
FOTOWEBCAM,Pfalzen,"Fotowebcam,wetter-pfalzen.com: Blick von Pfalzen zum Kronplatz,http://webcam.wetter-pfalzen.com/webcam/pfalzen/current/400.jpg",46.810292,11.88087,,
FOTOWEBCAM,Hofern - Kiens,"Fotowebcam,www.foto.webcam: Hotel Panorama - Hofern/Kiens - Pustertal,https://www.foto.webcam/webcam/icwebcam10/current/400.jpg",46.820233,11.839075,,
FOTOWEBCAM,Raas - Brixen,"Fotowebcam,Pension Weinberg Raas - Blick nach Brixen,https://foto.weinbergresidence.it/webcam/Raas/current/400.jpg",46.748654,11.657341,,
FOTOWEBCAM,St. Christina Groeden,"Fotowebcam,www.foto.webcam: St. Christina - Groeden - Dorfhotel Beludei,https://www.foto.webcam/webcam/icwebcam6/current/400.jpg",46.559822,11.716049,,
FOTOWEBCAM,Ritten,"Fotowebcam,www.foto.webcam: Berggasthof Ploerr - Ritten - www.ploerr.com,https://www.foto.webcam/webcam/icwebcam4/current/400.jpg",46.563828,11.413713,,
FOTOWEBCAM,St.Pauls - Eppan,"Fotowebcam,www.foto.webcam: St.Pauls - Eppan - Ferienwohnungen Huebenburg,https://www.foto.webcam/webcam/icwebcam9/current/400.jpg",46.475163,11.252172,,
FOTOWEBCAM,Dorf Tirol,"Fotowebcam,www.foto.webcam: Hotel Kueglerhof - Meran,https://www.foto.webcam/webcam/icwebcam3/current/400.jpg",46.700145,11.157899,,
FOTOWEBCAM,Naturns - Plaus,"Fotowebcam,www.foto.webcam: Naturns - Plaus bei Meran - Plauserhof - Villa Etschland,https://www.foto.webcam/webcam/icwebcam7/current/400.jpg",46.65683,11.040989,,
FOTOWEBCAM,Mals - Vinschgau,"Fotowebcam,www.foto.webcam: Hotel Watles - Mals - Vinschgau,https://www.foto.webcam/webcam/icwebcam12/current/400.jpg",46.701102,10.506797,,
FOTOWEBCAM,Achensee Sued,"Fotowebcam,addicted-sports.com: Blick vom Hotel Fuerstenhaus am Achensee Richtung Sued / Maurach,https://www.addicted-sports.com/fileadmin/webcam/achensee/current/400.jpg",47.442899,11.703799,,
FOTOWEBCAM,Achensee Nord,"Fotowebcam,addicted-sports.com: Blick vom Hotel Fuerstenhaus am Achensee Richtung Nord / Achenkirch,https://www.addicted-sports.com/fileadmin/webcam/achenseenord/current/400.jpg",47.442899,11.703799,,
FOTOWEBCAM,Sistrans Nord,"Fotowebcam,stefanjud.net: Sistrans - Blick nach Norden auf Innsbruck und die Nordkette,https://www.stefanjud.net/webcam/sistrans-nord/current/400.jpg",47.233672,11.447284,,
FOTOWEBCAM,Sistrans West,"Fotowebcam,stefanjud.net: Sistrans - Blick nach Westen,https://www.stefanjud.net/webcam/sistrans-west/current/400.jpg",47.233672,11.447284,,
FOTOWEBCAM,Volderau,"Fotowebcam,Volderau im Stubaital,http://stwo.biz/webcam/Volderau/current/400.jpg",47.0685317,11.2526232,,
FOTOWEBCAM,WuhrsteinAlm,"Fotowebcam,terra-hd.de: WuhrsteinAlm - Schleching - Blick nach Nordosten,https://www.terra-hd.de/wuhrsteinalm/img/current/400.jpg",47.700303,12.349734,,
FOTOWEBCAM,Irschenberg,"Fotowebcam,www.foto-webcam.org: Irschenberg - Wilparting - Blick nach Sueden,https://www.foto-webcam.org/webcam/irschenberg/current/400.jpg,Direction:168",47.828391,11.920891,,
FOTOWEBCAM,Spitzingsee,"Fotowebcam,www.foto-webcam.org: Arabella Alpenhotel - Blick nach Westen auf den Spitzingsee,https://www.foto-webcam.org/webcam/spitzingsee/current/400.jpg,Direction:290",47.66315,11.887791,,
FOTOWEBCAM,Tegernsee,"Fotowebcam,www.foto-webcam.org: Tegernsee - Blick auf den Tegernsee Richtung Sued-West,https://www.foto-webcam.org/webcam/tegernseewest/current/400.jpg,Direction:245",47.71852,11.762875,,
FOTOWEBCAM,Prasserbad,"Fotowebcam,www.foto-webcam.org: Bootsverleih Prasserbad - Rottach-Egern am Tegernsee - Blick nach Norden,https://www.foto-webcam.org/webcam/prasserbad/current/400.jpg,Direction:8",47.696484,11.74572,,
FOTOWEBCAM,Wallberg,"Fotowebcam,www.foto-webcam.org: Wallberg - Wallbergkircherl - Blick ueber den Tegernsee,https://www.foto-webcam.org/webcam/wallberg/current/400.jpg,Direction:330",47.66061,11.79115,,
FOTOWEBCAM,Buchstein Sued,"Fotowebcam,www.foto-webcam.org: Ross- und Buchstein - Tegernseer Huette - Blick nach Sueden,https://www.foto-webcam.org/webcam/buchstein/current/400.jpg,Direction:193",47.632647,11.67811,,
FOTOWEBCAM,Jachenau Hoefen,"Fotowebcam,foto-webcam.com: Jachenau/Hoefen,http://www.foto-webcam.com/webcam/hoefen/current/400.jpg,Direction:280",47.604577,11.51795,,
FOTOWEBCAM,Walchensee,"Fotowebcam,addicted-sports.com: Blick vom Hotel Karwendelblick zum Walchensee,https://www.addicted-sports.com/fileadmin/webcam/walchensee/current/400.jpg",47.614656,11.341841,,
FOTOWEBCAM,Kochelsee,"Fotowebcam,addicted-sports.com: Blick vom Kristall trimini zum Kochelsee und Herzogstand,https://www.addicted-sports.com/fileadmin/webcam/kochelsee/current/400.jpg",47.614656,11.341841,,
FOTOWEBCAM,Kandahar-Lodge,"Fotowebcam,terra-hd.de: Kandahar Lodge in Garmisch-Partenkirchen nach Suedwesten,https://www.terra-hd.de/garmisch/img/current/400.jpg",47.489549,11.080574,,
FOTOWEBCAM,Pfronten,"Fotowebcam,foto-webcam.net: Pfronten,
imgurl:https,https://www.terra-hd.de/garmisch/img/current/400.jpg",47.489549,11.080574,,
FOTOWEBCAM,Schlappin Klosters,"Fotowebcam,foto-webcam.com: Schlappin,http://www.foto-webcam.eu/webcam/tmp/partner/schlappin/current/400.jpg,Direction:50",46.909046,9.898859,,
FOTOWEBCAM,Nussbaumen,"Fotowebcam,foto-webcam.ch: Nussbaumen b. Baden Schweiz,http://www.foto-webcam.eu/webcam/tmp/partner/nussbaumen/current/400.jpg",47.486845,8.292715,,
FOTOWEBCAM,Untersiggenthal,"Fotowebcam,foto-webcam.ch: Untersiggenthal - Blick richtung Turgi,
imgurl:http,http://www.foto-webcam.eu/webcam/tmp/partner/nussbaumen/current/400.jpg",47.486845,8.292715,,
FOTOWEBCAM,Wolfgangsee,"Fotowebcam,www.addicted-sports.com: Wolfgangsee Lindenstrand,https://www.addicted-sports.com/fileadmin/webcam/wolfgangsee/current/400.jpg",47.442578,13.24116,,
FOTOWEBCAM,Ramsau Hintersee,"Fotowebcam,terra-hd.de: Ramsau Hintersee,https://www.terra-hd.de/hintersee/img/current/400.jpg",47.608347,12.85297,,
FOTOWEBCAM,Siegsdorf,"Fotowebcam,terra-hd.de: Siegsdorf-Osterham - Chiemgau - Blick Richtung Osten,https://www.terra-hd.de/osterham/img/current/400.jpg",47.816942,12.630683,,
FOTOWEBCAM,Hochfelln-Alpen,"Fotowebcam,terra-hd.de: Hochfelln nach Sueden,https://www.terra-hd.de/hochfelln2/img/current/400.jpg",47.762584,12.560777,,
FOTOWEBCAM,Hochfelln Nord,"Fotowebcam,terra-hd.de: Hochfelln - Blick nach Norden zum Chiemsee,https://www.terra-hd.de/hochfelln/img/current/400.jpg",47.76267,12.560636,,
FOTOWEBCAM,Hochfelln-Mittel,"Fotowebcam,terra-hd.de: Hochfelln-Mittelstation,https://www.terra-hd.de/hochfelln-mittel/img/current/400.jpg",47.768985,12.575713,,
FOTOWEBCAM,Rauschberg,"Fotowebcam,terra-hd.de: Rauschberg / Ruhpolding - Blick nach Nordwesten,https://www.terra-hd.de/rauschberg/img/current/400.jpg",47.732455,12.683147,,
FOTOWEBCAM,Vachendorf,"Fotowebcam,terra-hd.de: Vachendorf-Wimpasing - Chiemgau - Blick nach Suedosten,https://www.terra-hd.de/wimpasing/img/current/400.jpg",47.839843,12.624357,,
FOTOWEBCAM,Chieming-Egerer,"Fotowebcam,terra-hd.de: Chieming-Egerer - Blick nach Sueden,https://www.terra-hd.de/chieming/img/current/400.jpg",47.904964,12.537404,,
FOTOWEBCAM,Chiemsee,"Fotowebcam,addicted-sports.com: Blick von Hotel Chiemgauhof ueber den Chiemsee,https://www.addicted-sports.com/fileadmin/webcam/chiemsee/current/400.jpg",47.84822,12.47601,,
FOTOWEBCAM,Chiemsee Gstadt,"Fotowebcam,terra-hd.de: Gstadt - Chiemsee - Blick nach Suedosnten,https://www.terra-hd.de/chiemsee/img/current/400.jpg",47.883324,12.417179,,
FOTOWEBCAM,Seebruck,"Fotowebcam,terra-hd.de: Seebruck-Pullach - Blick Richtung Chiemsee und Chiemgauer Alpen,https://www.terra-hd.de/pullach/img/current/400.jpg",47.938973,12.473918,,
FOTOWEBCAM,Grassau,"Fotowebcam,terra-hd.de: Grassau am Chiemsee,https://www.terra-hd.de/grassau/img/current/400.jpg",47.790396,12.455823,,
FOTOWEBCAM,Tiroler Ache,"Fotowebcam,terra-hd.de: Marquartstein - Chiemgau - Blick auf die Tiroler Ache,https://www.terra-hd.de/marquartstein/img/current/400.jpg",47.7522,12.464065,,
FOTOWEBCAM,Staffn-Alm,"Fotowebcam,terra-hd.de: Staffn-Alm - Grassau / Marquartstein - Blick nach Osten,https://www.terra-hd.de/staffn/img/current/400.jpg",47.767709,12.41222,,
FOTOWEBCAM,Bernau,"Fotowebcam,terra-hd.de: Bernau,https://www.terra-hd.de/bernau1/img/current/400.jpg",47.801671,12.375674,,
FOTOWEBCAM,Hittenkirchen,"Fotowebcam,terra-hd.de: Bernau Hittenkirchen,https://www.terra-hd.de/bernau2/img/current/400.jpg",47.822849,12.34099,,
FOTOWEBCAM,Sachrang,"Fotowebcam,terra-hd.de: Bergsteigerdorf Sachrang,https://www.terra-hd.de/sachrang/img/current/400.jpg",47.696319,12.260489,,
FOTOWEBCAM,Dietramszell,"Fotowebcam,www.foto-webcam.org: Dietramszell - Blick nach Sueden zur Alpenkette,https://www.foto-webcam.org/webcam/dietramszell/current/400.jpg,Direction:150",47.906821,11.594835,,
FOTOWEBCAM,Starnberger See,"Fotowebcam,addicted-sports.com: Blick von Ammerland ueber den Starnberger See,https://www.addicted-sports.com/fileadmin/webcam/starnbergersee/current/400.jpg",47.903722,11.333786,,
FOTOWEBCAM,Woerthsee,"Fotowebcam,foto-webcam.net: Il Kiosko am Woerthsee,
imgurl:https,https://www.addicted-sports.com/fileadmin/webcam/starnbergersee/current/400.jpg",47.903722,11.333786,,
FOTOWEBCAM,Ammersee,"Fotowebcam,www.addicted-sports.com: Blick von Herrsching ueber den Ammersee,https://www.addicted-sports.com/fileadmin/webcam/ammersee/current/400.jpg",47.989687,11.169711,,
FOTOWEBCAM,Mandichosee Lech,"Fotowebcam,www.addicted-sports.com: Lechstaustufe 23 - Mandichosee,https://www.addicted-sports.com/fileadmin/webcam/lechstaustufe/current/400.jpg",48.152206,10.56091,,
FOTOWEBCAM,Wien Favoriten,"Fotowebcam,zesch.com: Wien-Favoriten - Blick von der Wienerbergcity nach Suedwesten,https://www.zesch.com/webcam/CAMWBC/current/400.jpg",48.162428,16.336223,,
FOTOWEBCAM,Burghausen,"Fotowebcam,foto-webcam.net: Burghausen - Blick auf die Burg,https://www.foto-webcam.net/webcam/burghausen2/current/400.jpg,Direction:130",48.1591,12.82135,,
FOTOWEBCAM,Stroheim,"Fotowebcam,Wetterstation Stroheim in Oberoesterreich,https://www.foto-webcam.eu/webcam/tmp/stroheim/current/400.jpg",48.338722,13.956558,,
FOTOWEBCAM,Landshut,"Fotowebcam,Funkfreunde Landshut e.V.,http://stwo.biz/webcam/DM0FFL/current/400.jpg",48.569434,12.112794,,
FOTOWEBCAM,WaldWipfelWeg,"Fotowebcam,foto-webcam.com: WaldWipfelWeg.de,http://www.foto-webcam.com/webcam/waldwipfel/current/400.jpg,Direction:230",49.01129239,12.7819575,,
FOTOWEBCAM,Hohenbogen Ost,"Fotowebcam,ASAM-live.de: Blick vom Hohenbogen Richtung Arber,https://www.asam-live.de/webcam/asamnet5/current/400.jpg",49.234571,12.933292,,
FOTOWEBCAM,Hohenbogen West,"Fotowebcam,ASAM-live.de: Blick vom Hohenbogen ins Koetztinger Land,https://www.asam-live.de/webcam/amberg1/current/400.jpg",49.234571,12.933292,,
FOTOWEBCAM,OTH Regensburg,"Fotowebcam,Ostbayerische Technische Hochschule Regensburg,http://www.foto-webcam.eu/webcam/tmp/partner/regensburg/current/400.jpg,Direction:270",49.00281,12.096003,,
FOTOWEBCAM,Amberg,"Fotowebcam,ASAM-live.de: Amberg vom Mariahilfberg,https://www.asam-live.de/webcam/amberg92/current/400.jpg",49.45,11.87,,
FOTOWEBCAM,Mariahilfberg,"Fotowebcam,ASAM-live.de: Mariahilfberg mit Blick nach Aschach,https://www.asam-live.de/webcam/mariahilfberg2/current/400.jpg",49.45,11.87,,
FOTOWEBCAM,Amberg DL0AO,"Fotowebcam,ASAM-live.de: DL0AO nach Amberg - Webcams in Amberg/Sulzbach und Umgebung,https://www.asam-live.de/webcam/mariahilfberg1/current/400.jpg",49.45,11.86,,
FOTOWEBCAM,Massenricht,"Fotowebcam,ASAM-live.de: Aussichtsturm in Massenricht mit Blick nach Nordosten,https://www.asam-live.de/webcam/roedlass1/current/400.jpg",49.5924,11.9533,,
FOTOWEBCAM,Ursensollen,"Fotowebcam,ASAM-live.de: Blick von Ursensollen nach Hohenkemmnath,https://www.asam-live.de/webcam/sheepworld1/current/400.jpg",49.400263,11.763569,,
FOTOWEBCAM,Maxhuette,"Fotowebcam,ASAM-live.de: Maxhuette - Webcams in Amberg/Sulzbach und Umgebung,https://www.asam-live.de/webcam/amberg33/current/400.jpg",49.493961,11.781469,,
FOTOWEBCAM,Schlackenberg NO,"Fotowebcam,ASAM-live.de: Sulzbach-Rosenberg vom Schlackenberg (NO),https://www.asam-live.de/webcam/asamnet7/current/400.jpg",49.482008,11.762359,,
FOTOWEBCAM,Schlackenberg NW,"Fotowebcam,ASAM-live.de: Sulzbach-Rosenberg vom Schlackenberg (NW),https://www.asam-live.de/webcam/asamnet6/current/400.jpg",49.482008,11.762359,,
FOTOWEBCAM,Brombachsee,"Fotowebcam,addicted-sports.com: Brombachsee - Blick von Ramsberg nach Nordosten,https://www.addicted-sports.com/fileadmin/webcam/brombachsee/current/400.jpg",49.119033,10.935381,,
FOTOWEBCAM,Schladitzersee,"Fotowebcam,www.addicted-sports.com: Schladitzersee ALL-on-SEA,https://www.addicted-sports.com/fileadmin/webcam/schlabu/current/400.jpg",51.261491,12.202978,,
FOTOWEBCAM,Hochwaldturm,"Fotowebcam,terra-hd.de: Hochwaldturm im Zittauer Gebirge,https://www.terra-hd.de/hochwald/img/current/400.jpg",50.825745,14.727734,,
FOTOWEBCAM,Vallendar,"Fotowebcam,Wetterstation Vallendar am Rhein / Humboldthoehe,https://www.hq-webcam.de/webcam/valler/current/400.jpg",50.397104,7.623357,,
FOTOWEBCAM,Koblenz,"Fotowebcam,Koblenz am Rhein - Blickrichtung Deutsches Eck,https://www.hq-webcam.de/webcam/koblenz/current/400.jpg",50.397,7.623357,,
FOTOWEBCAM,Koeppelturm,"Fotowebcam,Koeppelturm im Westerwald - Blick Richtung Montabaur,https://www.hq-webcam.de/webcam/koeppel/current/400.jpg",50.430438,7.751312,,
FOTOWEBCAM,Oelberg,"Fotowebcam,ig-funk-siebengebirge.de: Grosser Oelberg im Siebengebirge - Blick Richtung Bonn,https://sslsites.de/medien.ig-funk-siebengebirge.de/webcam/oelberg/bilder/400.jpg",50.681923,7.248277,,
FOTOWEBCAM,Niederdielfen,"Fotowebcam,jens-oerter.de: Niederdielfen - Kreis Siegen/Wittgenstein,https://www.jens-oerter.de/webcam/joeeos/current/400.jpg",50.853015,8.09787,,
FOTOWEBCAM,Radevormwald,"Fotowebcam,Radevormwald-Honsberg - Blick Richtung Westen nach Remscheid,https://www.reisen-und-hobby.de/fotocam/current/400.jpg",51.191393,7.313021,,
FOTOWEBCAM,Diemelsee,"Fotowebcam,sauerland.camera: Diemelsee Brilon,https://sauerland.camera/webcam/diemelsee/current/400.jpg",51.3674736,8.7144246,,
FOTOWEBCAM,Hochheidehuette,"Fotowebcam,sauerland.camera: Hochheidehuette Niedersfeld,https://sauerland.camera/webcam/hochheidehuette/current/400.jpg",51.229492,8.517061,,
FOTOWEBCAM,Altastenberg,"Fotowebcam,sauerland.camera: Altastenberg,https://sauerland.camera/webcam/altastenberg/current/400.jpg",51.182879,8.488275,,
FOTOWEBCAM,Winterberg Postwiese,"Fotowebcam,webcam-sauerland.de: Winterberg - Postwiese,https://webcams.webcam-sauerland.de/webcam/skiverleihpostwiese/current/400.jpg",51.166244,8.48676,,
FOTOWEBCAM,Albrechtsplatz,"Fotowebcam,sauerland.camera: Albrechtsplatz,https://sauerland.camera/webcam/albrechtsplatz/current/400.jpg",51.140374,8.440596,,
FOTOWEBCAM,Erndtebrueck,"Fotowebcam,sauerland.camera: Haflinger Huette Erndtebrueck,https://sauerland.camera/webcam/erndtebrueck/current/400.jpg",50.99111,8.23921,,
FOTOWEBCAM,Grafschaft Almert,"Fotowebcam,sauerland.camera: Schmallenberg Grafschaft An der Almert,https://sauerland.camera/webcam/grafschaft2/current/400.jpg",51.14663,8.34096,,
FOTOWEBCAM,Langewiese,"Fotowebcam,sauerland.camera: Langewiese,https://sauerland.camera/webcam/langewiese/current/400.jpg",51.15203,8.46248,,
FOTOWEBCAM,Bielefeld,"Fotowebcam,hamnet-bielefeld.de - DB0BI: Huenenburg / Teutoburger Wald nach Bielefeld,http://www.foto-webcam.eu/webcam/tmp/partner/bielefeld/current/400.jpg",52.015144,8.473544,,
FOTOWEBCAM,Steinhagen,"Fotowebcam,hamnet-bielefeld.de - DB0BI: Huenenburg / Teutoburger Wald nach Steinhagen,http://www.foto-webcam.eu/webcam/tmp/partner/steinhagen/current/400.jpg",52.015144,8.47354,,
FOTOWEBCAM,Soma Bay,"Fotowebcam,www.addicted-sports.com: Soma Bay - Caribbean World Resort - Egypt,https://www.addicted-sports.com/fileadmin/webcam/somabay/current/400.jpg",26.848722,33.990068,,
FOTOWEBCAM,Boa Vista,"Fotowebcam,www.addicted-sports.com: Boa Vista / Kap Verde,https://www.addicted-sports.com/fileadmin/webcam/boavista/current/400.jpg",16.16968,-22.913842,,
FOTOWEBCAM,Sunnyvale,"Fotowebcam,marklex.com: Sunnyvale / California / U.S.A.,http://www.foto-webcam.eu/webcam/tmp/partner/marklex/current/400.jpg",37.37,-122.04,,
